{"client_meta":{"background_color":{"r":0.11764705926179886,"g":0.11764705926179886,"b":0.11764705926179886,"a":1},"thumbnail_size":{"width":227,"height":400},"render_coordinates":{"x":-3337,"y":-3852,"width":4351,"height":7662}},"file_name":"elearning ecommerce","developer_related_links":[]}